PX,start,group,issue,problem,folder,file,class,method,line,solution,implement,end,changed issue,changed folder,changed file,changed class,changed method,right folder,right file,right class,right method,right lines,Correctness Explanation,correct,sound solution,alternative answer,issue_number
P0,2:35 PM,Control,17,17,18,18,19,21,21,24,43,45,1,0,0,0,0,y,y,y,n,n,Participant only had 1 of two methods identified. Only one line was changed which did not fix the issue.,n,n,n,5679
P1,10:15 AM,Treatment,2,3,44,45,45,46,47,48,50,55,0,1,0,0,0,y,y,y,y,y,Completed the code changes in the right place correctly.,y,y,n,5485
P2,3:09:00 PM,Control,1,6,56,56,58,,,,,58,0,2,2,0,0,n,n,n,n,n,He did not find the correct folder or any other items.,n,n,n,4612
P3,4:21:00 PM,Treatment,3,19,23,23,23,27,27,46,46,46,0,0,0,0,0,n,n,n,n,n,He did not find the correct folder or any other items.,n,y,n,5194
P4,1:20 PM,Control,4,14,38,38,38,41,41,50,56,56,0,0,0,0,0,n,n,n,n,n,He did not find the correct folder or any other items.,n,n,n,4612
P5,3:22 PM,Treatment,20,25,31,31,31,32,33,37,38,38,0,0,0,0,0,n,n,n,n,n,He did not find the correct folder or any other items.,n,y,n,5069
P6,12:44 PM,Control,11,19,,,,,,,,35,0,0,0,0,0,n,n,n,n,n,He did not find the correct folder or any other items.,n,n,n,5485
P7,4:34 PM,Treatment,5,25,35,35,35,37,37,37,46,46,0,0,0,0,0,n,n,n,n,n,He did not find the correct folder or any other items.,n,y,n,5485
P8,4:13 PM,Treatment,7,33,43,43,43,43,43,43,43,58,0,0,0,0,0,y,y,y,y,y,Completed the code changes in the right place.,y,y,n,5485
P9,3:14 PM,Control,7,22,25,25,37,46,57,57,,57,0,0,0,0,0,n,n,n,n,n,He did not find the correct folder or any other items.,n,y,n,5069
P10,3:12 PM,Control,22,22,31,31,31,31,,,,51,0,0,0,0,0,n,n,n,n,n,He did not find the correct folder or any other items.,n,n,n,4612
P11,5:03 PM,Treatment,8,39,44,47,47,,,48,,56,0,0,0,0,0,n,n,n,n,n,He did not find the correct folder or any other items.,n,y,n,5069
P12,1:03 PM,Treatment,3,27,45,45,45,50,52,59,,60,0,1,1,1,0,n,n,n,n,n,He did not find the correct folder or any other items.,n,y,n,5679
P13,3:09 PM,Control,5,10,56,56,56,56,56,56,56,56,0,0,0,0,0,n,n,n,n,n,He did not find the correct folder or any other items.,n,n,n,5485
P14,12:18 PM,Control,6,44,59,60,60,60,60,60,60,60,0,0,0,0,0,n,n,n,n,n,He did not find the correct folder or any other items.,n,y,n,5069
P15,10:10 AM,Treatment,1,34,38,44,44,47,,48,,60,0,0,0,0,0,n,n,n,n,n,did not find the correct folder or any other items.,n,n,n,5194
P16,9:36 AM,Treatment,5,11,48,48,49,,,50,,60,0,0,0,0,0,y,n,n,n,n,found the correct folder,n,n,n,5069
P17,7:13 PM,Control,13,51,,,,,,,,57,0,0,0,0,0,n,n,n,n,n,did not find the correct folder or any other items.,n,n,n,5194
P18,5:05 PM,Control,5,10,16,15,19,20,20,28,,30,0,0,0,0,0,n,n,n,n,n,did not find the correct folder or any other items.,n,n,n,5679
P19,5:13 PM,Treatment,4,9,18,18,18,18,18,23,32,32,0,0,0,0,0,y,y,y,y,y,Proposed the correct update,y,y,n,5485
P20,3:10 PM,Control,7,13,23,24,24,24,24,25,27,29,0,0,0,0,0,y,y,y,y,y,Proposed the correct update,y,y,n,5485
P21,3:30 PM,Treatment,4,8,31,60,60,60,60,60,60,60,0,0,0,0,0,n,n,n,n,n,"Proposed a sound high level solution, but fell off track.",n,y,n,4612
P22,7:06 PM,Control,5,10,11,11,11,12,12,59,60,60,0,0,0,0,0,y,y,y,y,y,Correctly implemented the full solution.,y,y,n,5485
P23,3:15 PM,Control,15,19,21,21,22,22,22,23,43,43,0,0,0,0,0,y,y,y,y,y,Implemented the correct update,y,y,n,5485
P24,5:29 PM,Treatment,9,14,15,15,15,15,15,16,26,26,0,0,0,0,0,y,y,y,y,y,Implemented the correct update,y,y,n,5485
P25,7:29:00 PM,Treatment,3,7,23,24,24,27,27,27,30,30,0,0,0,0,0,y,y,y,y,y,Implemented the correct update,y,y,n,5194